Workbook

Sheet 企业地址坐标
A1: 六镇代表企业具体地址与WGS84经纬度核验表
A2: 说明：地址优先采用企业官网、工商公开信息、监管/环评文件；坐标为公开地址人工定位或坐标系换算所得的第一版WGS84点位，不属于测绘级成果。发布GIS前应使用高德/天地图地理编码API批量复核。
A4: 企业ID | B4: 所属小镇（原计划） | C4: 原企业/主体 | D4: 核验后企业主体 | E4: 联系标识 | F4: 产业方向（核验后） | G4: 具体地址 | H4: 地址类型 | I4: 小镇归属判断 | J4: 经度_WGS84 | K4: 纬度_WGS84 | L4: 坐标精度 | M4: 坐标获取方式 | N4: 地址核验状态 | O4: 坐标核验状态 | P4: 主要来源URL | Q4: 备用来源URL | R4: 核验备注 | S4: 企业官网首页
A5: MX-001 | B5: 梦想小镇 | C5: 灵伴科技（杭州）股份有限公司（Rokid） | D5: 灵伴科技（杭州）股份有限公司 | E5: （计划外） | F5: 人工智能/增强现实/空间计算 | G5: 浙江省杭州市余杭区仓前街道良睦路1288号8幢101 | H5: 注册地址 | I5: 梦想小镇核心区 | J5: 119.99815 | K5: 30.280347 | L5: 园区/建筑级（约100–300m） | M5: 公开地址+地图人工定位 | N5: 已核验 | O5: 建议实地复核 | P5: https://www.aiqicha.com/company_detail_43631090423120 | R5: 公开工商地址位于梦想小镇创业集市区域；实际使用楼层可能调整。 | S5: https://www.rokid.com/
A6: MX-002 | B6: 梦想小镇 | C6: 杭州弧途科技有限公司（青团社） | D6: 杭州弧途科技有限公司 | E6: （计划外） | F6: 数字平台/灵活用工/青年就业服务 | G6: 浙江省杭州市余杭区仓前街道文一西路1380号11楼1106室 | H6: 注册地址 | I6: 梦想小镇核心区/邻接区 | J6: 119.9825 | K6: 30.277396 | L6: 建筑级（约50–150m） | M6: 百度公开点位BD-09转WGS84 | N6: 已核验 | O6: 初步核验 | P6: https://pitchhub.36kr.com/project/1679812838658823 | R6: 地址对应金之源大厦一带，适合作为GIS展示点；访谈前仍应确认实际办公楼层。 | S6: https://www.qtshe.com/
A7: MX-003 | B7: 梦想小镇 | C7: 杭州零零科技有限公司（Zero Zero Robotics） | D7: 杭州零零科技有限公司 | E7: （计划外） | F7: 无人机/智能影像/计算机视觉 | G7: 浙江省杭州市余杭区仓前街道伍迪中心2幢4层401 | H7: 办公地址 | I7: 梦想小镇关联区 | J7: 119.9628 | K7: 30.2779 | L7: 园区级（约300–800m） | M7: 公开办公地址+园区人工定位 | N7: 部分核验 | O7: 待地图API复核 | P7: https://www.jobui.com/company/15529208/ | Q7: https://patentimages.storage.googleapis.com/b3/af/4e/b6dbd42a560622/CN117992197A.pdf | R7: 公开招聘信息指向伍迪中心；注册地址、研发办公地可能不一致。 | S7: https://zerozero.cn/
A8: AI-001 | B8: 人工智能小镇/未来科技城 | C8: 浙江强脑科技有限公司（BrainCo） | D8: 浙江强脑科技有限公司 | E8: （小队计划） | F8: 脑机接口/智能仿生/神经调控 | G8: 浙江省杭州市余杭区余杭街道文一西路1818-2号1幢201-5室 | H8: 注册地址 | I8: 未来科技城范围 | J8: 119.96102 | K8: 30.274239 | L8: 建筑级（约50–150m） | M8: 百度公开点位BD-09转WGS84 | N8: 已核验 | O8: 初步核验 | P8: https://www.brainco.cn/zh-TW/legal?tab=privacy-summary | R8: 为公开法律文件所列主体地址；参访前应确认接待地点。 | S8: https://www.brainco.cn/
A9: AI-002 | B9: 人工智能小镇/未来科技城 | C9: 杭州群核信息技术有限公司（群核科技） | D9: 杭州群核信息技术有限公司 | E9: （计划外） | F9: 空间智能/三维设计/云渲染 | G9: 浙江省杭州市上城区莫干山路1418-40号1层106室（注册地址）；杭州市拱墅区余杭塘路515号矩阵国际1号楼11层（客服/办公） | H9: 注册地址+办公地址 | I9: 区域外 | J9: 120.1196 | K9: 30.3052 | L9: 办公楼级（约100–300m） | M9: 官方联系地址+地图人工定位 | N9: 已核验 | O9: 建议按展示目的选择点位 | P9: https://www.kujiale.com/festatic/privacy_policy | Q9: https://pitchhub.36kr.com/project/3607982022374280 | R9: 当前公开地址不在未来科技城；不宜作为该小镇核心企业点位，可保留为区域关联企业。 | S9: https://manycoretech.com/
A10: AI-003 | B10: 人工智能小镇/未来科技城 | C10: 杭州深度求索人工智能基础技术研究有限公司（DeepSeek） | D10: 杭州深度求索人工智能基础技术研究有限公司 | E10: （计划外） | F10: 大模型/基础模型/开源人工智能 | G10: 浙江省杭州市拱墅区环城北路169号汇金国际大厦西1幢1201室 | H10: 注册地址/公开总部地址 | I10: 区域外 | J10: 120.1649 | K10: 30.2772 | L10: 建筑级（约100–300m） | M10: 公开工商地址+地图人工定位 | N10: 已核验 | O10: 建议地图API复核 | P10: https://qiye.qizhidao.com/company/f700ed94290f9cdd9c7aba638cc15340.html | Q10: https://www.21jingji.com/article/20250114/herald/5f428a5a55d92b0a9da4a493d5fc7ae5.html | R10: 未发现其在未来科技城设立公开研发点的可靠证据，应从小镇核心名单剔除或单列。 | S10: https://www.deepseek.com/
A11: AI-004 | B11: 人工智能小镇/未来科技城 | C11: 键嘉医疗相关企业主体 | D11: 杭州键嘉医疗科技股份有限公司 | E11: （小队计划） | F11: 医疗机器人/微创手术/智能装备 | G11: 浙江省杭州市余杭区联胜路2-3号8-9栋键嘉大厦 | H11: 杭州总部 | I11: 未来科技城关联区 | J11: 120.0718 | K11: 30.2435 | L11: 道路/园区级（约200–500m） | M11: 企业官网地址+地图人工定位 | N11: 已核验 | O11: 待地图API复核 | P11: https://www.jmed.com/ | Q11: https://static.sse.com.cn/stock/disclosure/announcement/c/202304/001786_20230402_10HP.pdf | R11: 官网总部地址较招股书注册地址更新，建议实地联络时以官网地址为准。 | S11: https://www.jmed.com/
A12: SL-001 | B12: 中国（杭州）算力小镇 | C12: 北京知存科技有限公司或杭州项目主体 | D12: 杭州知存算力科技有限公司（曾用名：北京知存科技有限公司） | E12: （计划外） | F12: 人工智能芯片/存算一体 | G12: 浙江省杭州市临平区乔司街道科城街180号1幢10层1001 | H12: 注册地址 | I12: 算力小镇核心区 | J12: 120.289 | K12: 30.336 | L12: 园区级（约200–500m） | M12: 公开工商地址+算力小镇园区定位 | N12: 已核验 | O12: 待地图API复核 | P12: https://aiqicha.baidu.com/company_basic_32281198387012 | Q12: https://map.baidu.com/search/%E7%A7%91%E5%9F%8E%E8%A1%97180%E5%8F%B7 | R12: 已完成本地主体解析：原北京主体已迁入并更名，应使用杭州知存算力科技有限公司。 | S12: https://www.witmem.com/
A13: SL-002 | B13: 中国（杭州）算力小镇 | C13: 徴格半导体（杭州）有限公司 | D13: 徴格半导体（杭州）有限公司 | E13: （计划外） | F13: 高速ADC/模拟芯片/混合信号 | G13: 浙江省杭州市临平区乔司街道科城街180号算力小镇1幢8层 | H13: 注册地址/办公地址 | I13: 算力小镇核心区 | J13: 120.2891 | K13: 30.3361 | L13: 园区级（约200–500m） | M13: 公开地址+算力小镇园区定位 | N13: 已核验 | O13: 待地图API复核 | P13: https://www.10100.com/article/144542150 | Q13: https://www.zynalog.com/ | R13: 公开资料也出现“C幢816”口径，可能是同园区楼栋编码差异。 | S13: https://www.zynalog.com/
A14: SL-003 | B14: 中国（杭州）算力小镇 | C14: 杭州智诊科技有限公司 | D14: 杭州智诊科技有限公司 | E14: （计划外） | F14: 医疗AI/医学多模态模型/临床辅助 | G14: 浙江省杭州市临平区杭州智能·健康谷A栋7楼 | H14: 办公地址 | I14: 区域外（临平区内） | J14: 120.318 | K14: 30.438 | L14: 园区级（约500m–1km） | M14: 企业官网地址+园区人工定位 | N14: 已核验 | O14: 待地图API复核 | P14: https://www.wisediag.com/ | Q14: https://www.wisediag.com/partners | R14: 企业位于临平区，但公开地址并非算力小镇核心园区，不应直接计入小镇热力统计。 | S14: https://www.wisediag.com/
A15: DQ-001 | B15: 德清地理信息小镇 | C15: 浙江南方测绘科技有限公司 | D15: 浙江南方测绘科技有限公司 | E15: （计划外） | F15: 测绘装备/GNSS/三维激光/无人机测绘 | G15: 浙江省湖州市德清县舞阳街道科源路11-3号五楼 | H15: 注册地址 | I15: 地理信息小镇核心区 | J15: 119.967 | K15: 30.5437 | L15: 园区/楼宇级（约100–300m） | M15: 公开地址+地信小镇园区定位 | N15: 已核验 | O15: 待地图API复核 | P15: https://top.qcc.com/tc/705bc56ea90a.html | R15: 地址处于浙江地理信息产业园核心楼宇群。 | S15: https://www.southsurvey.com/
A16: DQ-002 | B16: 德清地理信息小镇 | C16: 浙江中海达空间信息技术有限公司 | D16: 浙江中海达空间信息技术有限公司 | E16: （计划外） | F16: 北斗/GNSS/三维激光/海洋测绘 | G16: 浙江省湖州市德清县舞阳街道科源路10号1幢1101、1102室 | H16: 注册地址 | I16: 地理信息小镇核心区 | J16: 119.9668 | K16: 30.5435 | L16: 楼宇级（约100–300m） | M16: 企业官网/工商地址+园区定位 | N16: 已核验 | O16: 待地图API复核 | P16: https://www.zjzhd.com/ | Q16: https://pitchhub.36kr.com/project/2012742991152646 | R16: 官网以科源路10号1幢10—11层表述，工商信息细化为1101、1102室。 | S16: https://www.zjzhd.com/
A17: DQ-003 | B17: 德清地理信息小镇 | C17: 浙江合信地理信息技术有限公司 | D17: 浙江合信地理信息技术有限公司 | E17: （计划外） | F17: 遥感测绘/GIS平台/互联网地图 | G17: 浙江省湖州市德清县舞阳街道云岫南路611号2幢1701室 | H17: 注册地址 | I17: 地理信息小镇关联区 | J17: 119.975 | K17: 30.5388 | L17: 楼宇/道路级（约200–500m） | M17: 公开工商地址+地图人工定位 | N17: 已核验 | O17: 待地图API复核 | P17: https://aiqicha.baidu.com/detail/compinfo?fr=zhidao&pid=xlTM-TogKuTw5wzAnB2qz4vJST744dOICQmd | Q17: https://www.hxgeo.cn/ | R17: 旧资料常见科源路48号，现行公开地址已变更为云岫南路611号。 | S17: https://www.hxgeo.cn/
A18: DQ-004 | B18: 德清地理信息小镇 | C18: 浙江正元地理信息有限责任公司 | D18: 浙江正元地理信息有限责任公司 | E18: （计划外） | F18: 地下管线/城市安全/GIS平台 | G18: 浙江省湖州市德清县舞阳街道科源路10号3幢1201、1202室 | H18: 注册地址 | I18: 地理信息小镇核心区 | J18: 119.9667 | K18: 30.5434 | L18: 楼宇级（约100–300m） | M18: 公开工商地址+园区定位 | N18: 已核验 | O18: 待地图API复核 | P18: https://m.zhipin.com/companys/e71bc2db8b06c4cb3nN_3di8.html | Q18: https://www.iguopin.com/company?id=10685381589632913 | R18: “正元大厦”是楼宇俗称，正式注册地址包含3幢1201、1202室。 | S18: https://www.zhejiangzhengyuan.com/
A19: DQ-005 | B19: 德清地理信息小镇 | C19: 中测新图相关企业主体 | D19: 浙江中测新图地理信息技术有限公司 | E19: （计划外） | F19: 遥感数据/摄影测量/地理信息平台 | G19: 浙江省湖州市德清县舞阳街道（原武康镇）科源路11号6幢 | H19: 办公/注册地址 | I19: 地理信息小镇核心区 | J19: 119.9671 | K19: 30.5436 | L19: 园区/楼宇级（约100–300m） | M19: 公开招聘地址+园区定位 | N19: 已核验 | O19: 待地图API复核 | P19: https://tj.ecjtu.edu.cn/info/1073/2562.htm | R19: 行政区划表述存在“武康镇/舞阳街道”历史差异，点位均指向科源路11号6幢。 | S19: https://www.chinatoprs.com/
A20: DQ-006 | B20: 德清地理信息小镇 | C20: 舜泰汽车相关企业主体 | D20: 浙江舜泰汽车有限公司 | E20: （小队计划） | F20: 智能网联汽车/线控底盘/自动驾驶执行系统 | G20: 浙江省湖州市德清县洛舍镇创业大道398号A座3楼04室（莫干山国家高新区） | H20: 注册地址 | I20: 区域外（德清高新区洛舍片区） | J20: 120.101 | K20: 30.633 | L20: 园区级（约500m–1km） | M20: 公开工商地址+镇域人工定位 | N20: 已核验 | O20: 待地图API复核 | P20: https://aiqicha.baidu.com/company_invest_50136715623793 | R20: 与德清高新区相关，但不在地理信息小镇核心区，应在GIS中单独标为跨界应用企业。 | S20: http://www.suntae-auto.com/
A21: DQ-007 | B21: 德清地理信息小镇 | C21: 中科卫星相关企业主体 | D21: 中科卫星应用德清研究院 | E21: （小队计划） | F21: 卫星遥感/空天信息/低空经济 | G21: 浙江省湖州市德清县地理信息小镇科研机构集聚区（具体楼栋待研究院或管委会确认） | H21: 机构所在地待核验 | I21: 待核验 | J21: 119.967 | K21: 30.5435 | L21: 小镇中心级（约1–3km） | M21: 以地理信息小镇中心点代替 | N21: 待核验 | O21: 仅可用于临时展示 | P21: https://www.sohu.com/a/518008005_121123740 | R21: 已确认研究院主体与德清关联，但未检索到可靠、现行的具体门牌；正式发布前必须补录。 | S21: https://www.dasa.net.cn/
A22: SX-001 | B22: 越城集成电路小镇 | C22: 芯联集成电路制造股份有限公司 | D22: 芯联集成电路制造股份有限公司 | E22: （计划外） | F22: 晶圆代工/MEMS/功率器件/模拟芯片 | G22: 浙江省绍兴市越城区皋埠街道临江路518号 | H22: 总部/生产基地 | I22: 集成电路小镇核心区 | J22: 120.6532 | K22: 30.0183 | L22: 园区/厂区级（约200–500m） | M22: 企业官网地址+园区人工定位 | N22: 已核验 | O22: 待地图API复核 | P22: https://cn.unt-c.com/html/contact/ | R22: 公司官网明确列出绍兴地址；适合作为小镇核心龙头点位。 | S22: https://cn.unt-c.com/
A23: SX-002 | B23: 越城集成电路小镇 | C23: 长电集成电路（绍兴）有限公司 | D23: 长电集成电路（绍兴）有限公司 | E23: （小队计划） | F23: 集成电路封装测试/晶圆级封装 | G23: 浙江省绍兴市越城区临江路500号 | H23: 注册地址/厂区 | I23: 集成电路小镇核心区 | J23: 120.652 | K23: 30.0185 | L23: 园区/厂区级（约200–500m） | M23: 公开工商地址+园区人工定位 | N23: 已核验 | O23: 待地图API复核 | P23: https://pitchhub.36kr.com/project/1817526308390791 | R23: 与芯联集成厂区相邻，地址公开口径较稳定。 | S23: http://www.jsicom.com/
A24: SX-003 | B24: 越城集成电路小镇 | C24: 绍兴比亚迪半导体相关项目主体 | D24: 绍兴比亚迪半导体有限公司 | E24: （计划外） | F24: 功率器件/车规级芯片/传感控制 | G24: 浙江省绍兴市越城区马山街道越安北路588号（现行公开地址）；项目环评地址曾为马山路168号 | H24: 注册地址+项目地址 | I24: 集成电路产业平台关联区 | J24: 120.678 | K24: 30.091 | L24: 道路/厂区级（约300–800m） | M24: 公开工商地址+项目环评交叉核验 | N24: 部分核验 | O24: 待地图API复核 | P24: https://www.qichamao.com/orgcompany/searchitemdtl/5910d4530cee5003088ec92a88bd9ece.html | Q24: https://zjjcmspublic.oss-cn-hangzhou-zwynet-d01-a.internet.cloud.zj.gov.cn/jcms_files/jcms1/web3090/site/attach/0/c4b33a962b8743ef9657a36fcab9c302.pdf | R24: 企业地址与项目环评地址存在口径差异，应向企业确认参访厂区入口。 | S24: https://www.bydmicro.com/
A25: SX-004 | B25: 越城集成电路小镇 | C25: 豪威集团相关项目主体（OMNIVISION） | D25: 豪威半导体（绍兴）有限公司 | E25: （小队计划） | F25: CMOS图像传感器/ASIC/显示与触控 | G25: 浙江省绍兴市越城区皋埠街道香积路92号 | H25: 注册地址 | I25: 集成电路小镇核心区 | J25: 120.6528 | K25: 30.014 | L25: 园区/厂区级（约200–500m） | M25: 公开工商地址+园区人工定位 | N25: 已核验 | O25: 待地图API复核 | P25: https://aiqicha.baidu.com/company_basic_30760180379350 | R25: 应与“绍兴豪威半导体有限公司（银桥路326号）”区分；本表按豪威半导体（绍兴）有限公司记录。 | S25: https://www.omnivision-group.com/
A26: SX-005 | B26: 越城集成电路小镇 | C26: 中芯国际相关绍兴项目主体 | D26: 芯联集成电路制造股份有限公司（原中芯集成/中芯绍兴项目主体） | E26: （小队计划） | F26: 晶圆制造/MEMS/功率器件 | G26: 浙江省绍兴市越城区皋埠街道临江路518号 | H26: 历史项目现行主体地址 | I26: 集成电路小镇核心区 | J26: 120.6532 | K26: 30.0183 | L26: 园区/厂区级（约200–500m） | M26: 现行主体官网地址 | N26: 已核验 | O26: 待地图API复核 | P26: https://cn.unt-c.com/html/news/list_2_13.html | Q26: https://cn.unt-c.com/html/contact/ | R26: 该行与SX-001为同一现行法定主体，不应在企业数量统计中重复计数；可作为历史项目标签保留。 | S26: https://cn.unt-c.com/
A27: JS-001 | B27: 嘉善归谷智造小镇 | C27: 赋同量子科技（浙江）有限公司 | D27: 赋同量子科技（浙江）有限公司 | E27: （小队计划） | F27: 量子信息/超导单光子探测/精密测量 | G27: 浙江省嘉兴市嘉善县罗星街道归谷二路11号 | H27: 总部 | I27: 归谷智造小镇核心区 | J27: 120.9186 | K27: 30.8195 | L27: 园区/楼宇级（约100–300m） | M27: 企业官网地址+园区人工定位 | N27: 已核验 | O27: 待地图API复核 | P27: https://www.cnphotec.com/about/contact | R27: 企业官网明确标注为浙江总部。 | S27: https://www.cnphotec.com/
A28: JS-002 | B28: 嘉善归谷智造小镇 | C28: 浙江朗德电子科技有限公司 | D28: 浙江朗德电子科技有限公司 | E28: （计划外） | F28: 汽车传感器/电子元器件/智能制造 | G28: 浙江省嘉兴市嘉善县罗星街道世纪大道3088号6栋3层（注册地址） | H28: 注册地址 | I28: 归谷智造小镇关联区 | J28: 120.9115 | K28: 30.822 | L28: 道路/楼宇级（约300–800m） | M28: 公开工商地址+地图人工定位 | N28: 部分核验 | O28: 待地图API复核 | P28: https://pitchhub.36kr.com/project/1817521992632194 | R28: 公开资料显示其生产经营活动可能已延伸至平湖文成产业园，需核验嘉善点位是否仍为实际办公地。 | S28: https://www.rockerstone.com/
A29: JS-003 | B29: 嘉善归谷智造小镇 | C29: 浙江宜葆生物科技有限公司 | D29: 浙江宜葆生物科技有限公司 | E29: （计划外） | F29: 生物防控/农业科技/生物制品 | G29: 浙江省嘉兴市嘉善县罗星街道白水塘西路1918号1幢502室 | H29: 专利/公开通讯地址 | I29: 归谷智造小镇关联区 | J29: 120.9135 | K29: 30.8138 | L29: 道路/楼宇级（约300–800m） | M29: 专利公开地址+地图人工定位 | N29: 部分核验 | O29: 待地图API复核 | P29: https://patentimages.storage.googleapis.com/4b/2e/f9/8d7d78a606e361/CN114752521A.pdf | R29: 专利申请人地址可用于主体定位，但应通过工商年报或企业确认现行办公地址。 | S29: http://www.ecoprobio.cn/
A30: JS-004 | B30: 嘉善归谷智造小镇 | C30: 科比特航空相关企业主体（MMC UAV） | D30: 浙江科比特创新科技有限公司 | E30: （小队计划） | F30: 工业无人机/低空经济/智能巡检 | G30: 浙江省嘉兴市嘉善县罗星街道归谷二路189号1幢401-2室（注册地址）；归谷科技园D座（运营口径） | H30: 注册地址+运营地址 | I30: 归谷智造小镇核心区 | J30: 120.92 | K30: 30.8213 | L30: 园区/楼宇级（约100–300m） | M30: 公开工商地址+园区运营信息 | N30: 已核验 | O30: 待地图API复核 | P30: https://pitchhub.36kr.com/project/1817548774311813 | R30: 应使用浙江科比特创新科技有限公司作为嘉善本地主体，避免直接使用深圳集团主体。 | S30: https://www.mmcuav.cn/
A31: JS-005 | B31: 嘉善归谷智造小镇 | C31: 达普生物相关企业主体 | D31: 浙江达普生物科技有限公司 | E31: （小队计划） | F31: 液滴微流控/单细胞分析/生命科学仪器 | G31: 浙江省嘉兴市嘉善县罗星街道灵秀路313号6幢6、7层，8幢6、7层 | H31: 注册地址/研发生产地址 | I31: 归谷智造小镇核心区 | J31: 120.9178 | K31: 30.8175 | L31: 园区/楼宇级（约100–300m） | M31: 公开企业信息+园区人工定位 | N31: 已核验 | O31: 待地图API复核 | P31: https://www.pharnexcloud.com/trz/trz_968030e010a21d5de30230145c2a2ef3 | Q31: https://www.thunder-bio.com/ | R31: 地址包含多个楼层和楼栋，现场访问应提前确认接待入口。 | S31: https://dp-bio.com/
A32: JS-006 | B32: 嘉善归谷智造小镇 | C32: 景焱智能相关企业主体 | D32: 嘉兴景焱智能装备技术有限公司 | E32: （小队计划） | F32: 半导体封装测试装备/精密制造/自动化设备 | G32: 浙江省嘉兴市嘉善县罗星街道归谷二路33号 | H32: 公司地址 | I32: 归谷智造小镇核心区 | J32: 120.9191 | K32: 30.82 | L32: 园区/楼宇级（约100–300m） | M32: 企业官网地址+园区人工定位 | N32: 已核验 | O32: 待地图API复核 | P32: https://httic.vip.mqy.com.cn/ | Q32: https://pitchhub.36kr.com/project/1818807625928834 | R32: 原清单将其归为“智能医疗装备/数字医疗”不准确；官网显示其核心为半导体装备。 | S32: https://httic.vip.mqy.com.cn/
A33: JS-007 | B33: 嘉善归谷智造小镇 | C33: 瑞奇医疗相关企业主体 | D33: 瑞奇医疗科技（嘉兴）有限公司 | E33: （小队计划） | F33: 牙科种植体/口腔医疗器械/精密制造 | G33: 浙江省嘉兴市嘉善县罗星街道归谷园区孵化中心3号楼 | H33: 企业官网联系地址 | I33: 归谷智造小镇核心区 | J33: 120.918 | K33: 30.8208 | L33: 园区/楼宇级（约100–300m） | M33: 企业官网地址+园区人工定位 | N33: 部分核验 | O33: 待工商地址复核 | P33: https://www.ruiqi-medical.com/picture/ | R33: 企业官网地址可靠，但部分工商平台出现归谷六路88号口径，建议联系企业确认当前接待点。 | S33: https://www.ruiqi-medical.com/

Sheet 小镇汇总
A1: 六镇企业地址核验汇总
A3: 所属小镇 | B3: 企业记录数 | C3: 地址已核验 | D3: 部分核验 | E3: 待核验 | F3: 核心区/关联区 | G3: 区域外 | H3: 计划企业数
A4: 梦想小镇 | B4: =COUNTIF(企业地址坐标!$B$5:$B$33,A4) -> 3 | C4: =COUNTIFS(企业地址坐标!$B$5:$B$33,A4,企业地址坐标!$N$5:$N$33,"已核验") -> 2 | D4: =COUNTIFS(企业地址坐标!$B$5:$B$33,A4,企业地址坐标!$N$5:$N$33,"部分核验") -> 1 | E4: =COUNTIFS(企业地址坐标!$B$5:$B$33,A4,企业地址坐标!$N$5:$N$33,"待核验") -> 0 | F4: =B4-G4 -> 3 | G4: =COUNTIFS(企业地址坐标!$B$5:$B$33,A4,企业地址坐标!$I$5:$I$33,"区域外")+COUNTIFS(企业地址坐标!$B$5:$B$33,A4,企业地址坐标!$I$5:$I$33,"区域外（临平区内）")+COUNTIFS(企业地址坐标!$B$5:$B$33,A4,企业地址坐标!$I$5:$I$33,"区域外（德清高新区洛舍片区）") -> 0 | H4: =COUNTIFS(企业地址坐标!$B$5:$B$33,A4,企业地址坐标!$E$5:$E$33,"（小队计划）") -> 0
A5: 人工智能小镇/未来科技城 | B5: =COUNTIF(企业地址坐标!$B$5:$B$33,A5) -> 4 | C5: =COUNTIFS(企业地址坐标!$B$5:$B$33,A5,企业地址坐标!$N$5:$N$33,"已核验") -> 4 | D5: =COUNTIFS(企业地址坐标!$B$5:$B$33,A5,企业地址坐标!$N$5:$N$33,"部分核验") -> 0 | E5: =COUNTIFS(企业地址坐标!$B$5:$B$33,A5,企业地址坐标!$N$5:$N$33,"待核验") -> 0 | F5: =B5-G5 -> 2 | G5: =COUNTIFS(企业地址坐标!$B$5:$B$33,A5,企业地址坐标!$I$5:$I$33,"区域外")+COUNTIFS(企业地址坐标!$B$5:$B$33,A5,企业地址坐标!$I$5:$I$33,"区域外（临平区内）")+COUNTIFS(企业地址坐标!$B$5:$B$33,A5,企业地址坐标!$I$5:$I$33,"区域外（德清高新区洛舍片区）") -> 2 | H5: =COUNTIFS(企业地址坐标!$B$5:$B$33,A5,企业地址坐标!$E$5:$E$33,"（小队计划）") -> 2
A6: 中国（杭州）算力小镇 | B6: =COUNTIF(企业地址坐标!$B$5:$B$33,A6) -> 3 | C6: =COUNTIFS(企业地址坐标!$B$5:$B$33,A6,企业地址坐标!$N$5:$N$33,"已核验") -> 3 | D6: =COUNTIFS(企业地址坐标!$B$5:$B$33,A6,企业地址坐标!$N$5:$N$33,"部分核验") -> 0 | E6: =COUNTIFS(企业地址坐标!$B$5:$B$33,A6,企业地址坐标!$N$5:$N$33,"待核验") -> 0 | F6: =B6-G6 -> 2 | G6: =COUNTIFS(企业地址坐标!$B$5:$B$33,A6,企业地址坐标!$I$5:$I$33,"区域外")+COUNTIFS(企业地址坐标!$B$5:$B$33,A6,企业地址坐标!$I$5:$I$33,"区域外（临平区内）")+COUNTIFS(企业地址坐标!$B$5:$B$33,A6,企业地址坐标!$I$5:$I$33,"区域外（德清高新区洛舍片区）") -> 1 | H6: =COUNTIFS(企业地址坐标!$B$5:$B$33,A6,企业地址坐标!$E$5:$E$33,"（小队计划）") -> 0
A7: 德清地理信息小镇 | B7: =COUNTIF(企业地址坐标!$B$5:$B$33,A7) -> 7 | C7: =COUNTIFS(企业地址坐标!$B$5:$B$33,A7,企业地址坐标!$N$5:$N$33,"已核验") -> 6 | D7: =COUNTIFS(企业地址坐标!$B$5:$B$33,A7,企业地址坐标!$N$5:$N$33,"部分核验") -> 0 | E7: =COUNTIFS(企业地址坐标!$B$5:$B$33,A7,企业地址坐标!$N$5:$N$33,"待核验") -> 1 | F7: =B7-G7 -> 6 | G7: =COUNTIFS(企业地址坐标!$B$5:$B$33,A7,企业地址坐标!$I$5:$I$33,"区域外")+COUNTIFS(企业地址坐标!$B$5:$B$33,A7,企业地址坐标!$I$5:$I$33,"区域外（临平区内）")+COUNTIFS(企业地址坐标!$B$5:$B$33,A7,企业地址坐标!$I$5:$I$33,"区域外（德清高新区洛舍片区）") -> 1 | H7: =COUNTIFS(企业地址坐标!$B$5:$B$33,A7,企业地址坐标!$E$5:$E$33,"（小队计划）") -> 2
A8: 越城集成电路小镇 | B8: =COUNTIF(企业地址坐标!$B$5:$B$33,A8) -> 5 | C8: =COUNTIFS(企业地址坐标!$B$5:$B$33,A8,企业地址坐标!$N$5:$N$33,"已核验") -> 4 | D8: =COUNTIFS(企业地址坐标!$B$5:$B$33,A8,企业地址坐标!$N$5:$N$33,"部分核验") -> 1 | E8: =COUNTIFS(企业地址坐标!$B$5:$B$33,A8,企业地址坐标!$N$5:$N$33,"待核验") -> 0 | F8: =B8-G8 -> 5 | G8: =COUNTIFS(企业地址坐标!$B$5:$B$33,A8,企业地址坐标!$I$5:$I$33,"区域外")+COUNTIFS(企业地址坐标!$B$5:$B$33,A8,企业地址坐标!$I$5:$I$33,"区域外（临平区内）")+COUNTIFS(企业地址坐标!$B$5:$B$33,A8,企业地址坐标!$I$5:$I$33,"区域外（德清高新区洛舍片区）") -> 0 | H8: =COUNTIFS(企业地址坐标!$B$5:$B$33,A8,企业地址坐标!$E$5:$E$33,"（小队计划）") -> 3
A9: 嘉善归谷智造小镇 | B9: =COUNTIF(企业地址坐标!$B$5:$B$33,A9) -> 7 | C9: =COUNTIFS(企业地址坐标!$B$5:$B$33,A9,企业地址坐标!$N$5:$N$33,"已核验") -> 4 | D9: =COUNTIFS(企业地址坐标!$B$5:$B$33,A9,企业地址坐标!$N$5:$N$33,"部分核验") -> 3 | E9: =COUNTIFS(企业地址坐标!$B$5:$B$33,A9,企业地址坐标!$N$5:$N$33,"待核验") -> 0 | F9: =B9-G9 -> 7 | G9: =COUNTIFS(企业地址坐标!$B$5:$B$33,A9,企业地址坐标!$I$5:$I$33,"区域外")+COUNTIFS(企业地址坐标!$B$5:$B$33,A9,企业地址坐标!$I$5:$I$33,"区域外（临平区内）")+COUNTIFS(企业地址坐标!$B$5:$B$33,A9,企业地址坐标!$I$5:$I$33,"区域外（德清高新区洛舍片区）") -> 0 | H9: =COUNTIFS(企业地址坐标!$B$5:$B$33,A9,企业地址坐标!$E$5:$E$33,"（小队计划）") -> 5
A11: 总计 | B11: =SUM(B4:B9) -> 29 | C11: =SUM(C4:C9) -> 23 | D11: =SUM(D4:D9) -> 5 | E11: =SUM(E4:E9) -> 1 | F11: =SUM(F4:F9) -> 25 | G11: =SUM(G4:G9) -> 4 | H11: =SUM(H4:H9) -> 12
A13: 关键问题 | B13: 数量 | C13: 处理建议 | D13: 优先级
A14: 区域外企业 | B14: =SUM(G4:G9) -> 4 | C14: 从小镇核心热力统计中排除，保留为都市圈关联点 | D14: 高
A15: 主体/门牌待核验 | B15: =COUNTIF(企业地址坐标!$N$5:$N$33,"待核验")+COUNTIF(企业地址坐标!$N$5:$N$33,"部分核验") -> 6 | C15: 由管委会或企业确认后再对外发布 | D15: 高
A16: 重复历史主体 | B16: 1 | C16: SX-005与SX-001不得重复计数 | D16: 中

Sheet 核验说明
A1: 地址与坐标核验口径说明
A3: 项目 | B3: 说明
A4: 坐标系 | B4: 经纬度统一按WGS84记录，便于GeoJSON、MapLibre GL JS、OSMnx等工具使用。
A5: 坐标性质 | B5: 本表坐标主要依据公开地址进行人工地图定位，少数点位由百度BD-09坐标换算为WGS84。除明确标注外，均不是测绘级坐标。
A6: 地址优先级 | B6: 企业官网/监管与环评文件 > 工商公开信息 > 招聘与产业平台 > 新闻报道。注册地址与实际办公地冲突时，表中同时保留并说明用途。
A7: 核验状态：已核验 | B7: 企业主体和完整地址存在至少一个较可靠公开来源，但坐标仍建议通过地图API复核。
A8: 核验状态：部分核验 | B8: 主体或地址已找到，但存在办公地迁移、小镇归属、多个地址口径等问题。
A9: 核验状态：待核验 | B9: 只能确认主体与小镇关系，无法确认具体门牌；不得作为正式对外数据。
A10: 小镇归属判断 | B10: “区域外”表示企业当前公开地址不在对应小镇核心范围，不能直接用于该小镇产业密度和企业数量统计。
A11: 坐标复核建议 | B11: 将“具体地址”字段批量提交高德地理编码API；保存返回的GCJ-02坐标、匹配等级和formatted_address，再统一转为WGS84。
A12: 统计去重 | B12: SX-005是中芯绍兴历史项目口径，现行主体与SX-001相同；计算企业数量、热力权重时只计一次。
A13: 产业纠错 | B13: JS-006景焱智能的公开主营方向是半导体封装测试装备与精密自动化设备，并非智能医疗装备。
A14: 调研优先项 | B14: 优先核验DQ-007具体门牌、SX-003参访厂区入口、JS-002实际生产地、JS-007现行工商地址，以及所有“小队计划”企业的接待地址。
... A16: 企业官网首页 | B16: 优先填写企业或品牌官方首页；子公司没有独立官网时采用集团官网。未发现可靠独立官网的企业标注为“未检索到独立官网”，不以工商或招聘平台替代。
A18: 使用注意
A19: 本文件适合用于GIS平台的第一轮数据导入、点位核验清单和实地调研准备，不应直接作为政府公开名录或精确导航数据。正式上线前，需完成：地图API批量地理编码、异常点人工检查、管委会企业名录交叉核验、计划企业电话确认。
